[
  {
    "id": "book_fragment_archery",
    "type": "GENERIC",
    "name": "Torn Page - Archery",
    "name_plural": "Torn Pages - Archery",
    "description": "A page torn from an archery book",
    "weight": 1,
    "volume": 1,
    "price": 200,
    "material": [ "paper" ],
    "symbol": "?",
    "color": "green",
    "flags": [ "NO_SALVAGE" ]
  },
  {
    "id": "book_fragment_barter",
    "type": "GENERIC",
    "name": "Torn Page - Bartering",
    "name_plural": "Torn Pages - Bartering",
    "description": "A page torn from a bartering book",
    "weight": 1,
    "volume": 1,
    "price": 200,
    "material": [ "paper" ],
    "symbol": "?",
    "color": "green",
    "flags": [ "NO_SALVAGE" ]
  },
  {
    "id": "book_fragment_bashing",
    "type": "GENERIC",
    "name": "Torn Page - Bashing",
    "name_plural": "Torn Pages - Bashing",
    "description": "A page torn from a bashing book",
    "weight": 1,
    "volume": 1,
    "price": 200,
    "material": [ "paper" ],
    "symbol": "?",
    "color": "green",
    "flags": [ "NO_SALVAGE" ]
  },
  {
    "id": "book_fragment_computer",
    "type": "GENERIC",
    "name": "Torn Page - Computers",
    "name_plural": "Torn Pages - Computers",
    "description": "A page torn from a computer book",
    "weight": 1,
    "volume": 1,
    "price": 200,
    "material": [ "paper" ],
    "symbol": "?",
    "color": "green",
    "flags": [ "NO_SALVAGE" ]
  },
  {
    "id": "book_fragment_cooking",
    "type": "GENERIC",
    "name": "Torn Page - Cooking",
    "name_plural": "Torn Pages - Cooking",
    "description": "A page torn from a cooking book",
    "weight": 1,
    "volume": 1,
    "price": 200,
    "material": [ "paper" ],
    "symbol": "?",
    "color": "green",
    "flags": [ "NO_SALVAGE" ]
  },
  {
    "id": "book_fragment_cutting",
    "type": "GENERIC",
    "name": "Torn Page - Cutting",
    "name_plural": "Torn Pages - Cutting",
    "description": "A page torn from a cutting book",
    "weight": 1,
    "volume": 1,
    "price": 200,
    "material": [ "paper" ],
    "symbol": "?",
    "color": "green",
    "flags": [ "NO_SALVAGE" ]
  },
  {
    "id": "book_fragment_dodge",
    "type": "GENERIC",
    "name": "Torn Page - Dodging",
    "name_plural": "Torn Pages - Dodging",
    "description": "A page torn from a dodging book",
    "weight": 1,
    "volume": 1,
    "price": 200,
    "material": [ "paper" ],
    "symbol": "?",
    "color": "green",
    "flags": [ "NO_SALVAGE" ]
  },
  {
    "id": "book_fragment_driving",
    "type": "GENERIC",
    "name": "Torn Page - Driving",
    "name_plural": "Torn Pages - Driving",
    "description": "A page torn from a driving book",
    "weight": 1,
    "volume": 1,
    "price": 200,
    "material": [ "paper" ],
    "symbol": "?",
    "color": "green",
    "flags": [ "NO_SALVAGE" ]
  },
  {
    "id": "book_fragment_electronics",
    "type": "GENERIC",
    "name": "Torn Page - Electronics",
    "name_plural": "Torn Pages - Electronics",
    "description": "A page torn from an electronics book",
    "weight": 1,
    "volume": 1,
    "price": 200,
    "material": [ "paper" ],
    "symbol": "?",
    "color": "green",
    "flags": [ "NO_SALVAGE" ]
  },
  {
    "id": "book_fragment_fabrication",
    "type": "GENERIC",
    "name": "Torn Page - Fabrication",
    "name_plural": "Torn Pages - Fabrication",
    "description": "A page torn from a fabrication book",
    "weight": 1,
    "volume": 1,
    "price": 200,
    "material": [ "paper" ],
    "symbol": "?",
    "color": "green",
    "flags": [ "NO_SALVAGE" ]
  },
  {
    "id": "book_fragment_firstaid",
    "type": "GENERIC",
    "name": "Torn Page - First Aid",
    "name_plural": "Torn Pages - First Aid",
    "description": "A page torn from a first aid book",
    "weight": 1,
    "volume": 1,
    "price": 200,
    "material": [ "paper" ],
    "symbol": "?",
    "color": "green",
    "flags": [ "NO_SALVAGE" ]
  },
  {
    "id": "book_fragment_gun",
    "type": "GENERIC",
    "name": "Torn Page - Guns",
    "name_plural": "Torn Pages - Guns",
    "description": "A page torn from a gun book",
    "weight": 1,
    "volume": 1,
    "price": 200,
    "material": [ "paper" ],
    "symbol": "?",
    "color": "green",
    "flags": [ "NO_SALVAGE" ]
  },
  {
    "id": "book_fragment_launcher",
    "type": "GENERIC",
    "name": "Torn Page - Launchers",
    "name_plural": "Torn Pages - Launchers",
    "description": "A page torn from a launcher book",
    "weight": 1,
    "volume": 1,
    "price": 200,
    "material": [ "paper" ],
    "symbol": "?",
    "color": "green",
    "flags": [ "NO_SALVAGE" ]
  },
  {
    "id": "book_fragment_martial",
    "type": "GENERIC",
    "name": "Torn Page - Martial Arts",
    "name_plural": "Torn Pages - Martial Arts",
    "description": "A page torn from a martial arts book",
    "weight": 1,
    "volume": 1,
    "price": 200,
    "material": [ "paper" ],
    "symbol": "?",
    "color": "green",
    "flags": [ "NO_SALVAGE" ]
  },
  {
    "id": "book_fragment_mechanics",
    "type": "GENERIC",
    "name": "Torn Page - Mechanics",
    "name_plural": "Torn Pages - Mechanics",
    "description": "A page torn from a mechanics book",
    "weight": 1,
    "volume": 1,
    "price": 200,
    "material": [ "paper" ],
    "symbol": "?",
    "color": "green",
    "flags": [ "NO_SALVAGE" ]
  },
  {
    "id": "book_fragment_melee",
    "type": "GENERIC",
    "name": "Torn Page - Melee",
    "name_plural": "Torn Pages - Melee",
    "description": "A page torn from a melee book",
    "weight": 1,
    "volume": 1,
    "price": 200,
    "material": [ "paper" ],
    "symbol": "?",
    "color": "green",
    "flags": [ "NO_SALVAGE" ]
  },
  {
    "id": "book_fragment_pistol",
    "type": "GENERIC",
    "name": "Torn Page - Pistol",
    "name_plural": "Torn Pages - Pistol",
    "description": "A page torn from a pistol book",
    "weight": 1,
    "volume": 1,
    "price": 200,
    "material": [ "paper" ],
    "symbol": "?",
    "color": "green",
    "flags": [ "NO_SALVAGE" ]
  },
  {
    "id": "book_fragment_rifle",
    "type": "GENERIC",
    "name": "Torn Page - Rifle",
    "name_plural": "Torn Pages - Rifle",
    "description": "A page torn from a rifle book",
    "weight": 1,
    "volume": 1,
    "price": 200,
    "material": [ "paper" ],
    "symbol": "?",
    "color": "green",
    "flags": [ "NO_SALVAGE" ]
  },
  {
    "id": "book_fragment_shotgun",
    "type": "GENERIC",
    "name": "Torn Page - Shotgun",
    "name_plural": "Torn Pages - Shotgun",
    "description": "A page torn from a shotgun book",
    "weight": 1,
    "volume": 1,
    "price": 200,
    "material": [ "paper" ],
    "symbol": "?",
    "color": "green",
    "flags": [ "NO_SALVAGE" ]
  },
  {
    "id": "book_fragment_smg",
    "type": "GENERIC",
    "name": "Torn Page - SMG",
    "name_plural": "Torn Pages - SMG",
    "description": "A page torn from a smg book",
    "weight": 1,
    "volume": 1,
    "price": 200,
    "material": [ "paper" ],
    "symbol": "?",
    "color": "green",
    "flags": [ "NO_SALVAGE" ]
  },
  {
    "id": "book_fragment_speech",
    "type": "GENERIC",
    "name": "Torn Page - Speech",
    "name_plural": "Torn Pages - Speech",
    "description": "A page torn from a speech book",
    "weight": 1,
    "volume": 1,
    "price": 200,
    "material": [ "paper" ],
    "symbol": "?",
    "color": "green",
    "flags": [ "NO_SALVAGE" ]
  },
  {
    "id": "book_fragment_stabbing",
    "type": "GENERIC",
    "name": "Torn Page - Stabbing",
    "name_plural": "Torn Pages - Stabbing",
    "description": "A page torn from a stabbing book",
    "weight": 1,
    "volume": 1,
    "price": 200,
    "material": [ "paper" ],
    "symbol": "?",
    "color": "green",
    "flags": [ "NO_SALVAGE" ]
  },
  {
    "id": "book_fragment_survival",
    "type": "GENERIC",
    "name": "Torn Page - Survival",
    "name_plural": "Torn Pages - Survival",
    "description": "A page torn from a survival book",
    "weight": 1,
    "volume": 1,
    "price": 200,
    "material": [ "paper" ],
    "symbol": "?",
    "color": "green",
    "flags": [ "NO_SALVAGE" ]
  },
  {
    "id": "book_fragment_swimming",
    "type": "GENERIC",
    "name": "Torn Page - Swimming",
    "name_plural": "Torn Pages - Swimming",
    "description": "A page torn from a swimming book",
    "weight": 1,
    "volume": 1,
    "price": 200,
    "material": [ "paper" ],
    "symbol": "?",
    "color": "green",
    "flags": [ "NO_SALVAGE" ]
  },
  {
    "id": "book_fragment_tailor",
    "type": "GENERIC",
    "name": "Torn Page - Tailoring",
    "name_plural": "Torn Pages - Tailoring",
    "description": "A page torn from a tailoring book",
    "weight": 1,
    "volume": 1,
    "price": 200,
    "material": [ "paper" ],
    "symbol": "?",
    "color": "green",
    "flags": [ "NO_SALVAGE" ]
  },
  {
    "id": "book_fragment_throw",
    "type": "GENERIC",
    "name": "Torn Page - Throwing",
    "name_plural": "Torn Pages - Throwing",
    "description": "A page torn from a throwing book",
    "weight": 1,
    "volume": 1,
    "price": 200,
    "material": [ "paper" ],
    "symbol": "?",
    "color": "green",
    "flags": [ "NO_SALVAGE" ]
  },
  {
    "id": "book_fragment_traps",
    "type": "GENERIC",
    "name": "Torn Page - Traps",
    "name_plural": "Torn Pages - Traps",
    "description": "A page torn from a traps book",
    "weight": 1,
    "volume": 1,
    "price": 200,
    "material": [ "paper" ],
    "symbol": "?",
    "color": "green",
    "flags": [ "NO_SALVAGE" ]
  },
  {
    "id": "book_fragment_unarmed",
    "type": "GENERIC",
    "name": "Torn Page - Unarmed",
    "name_plural": "Torn Pages - Unarmed",
    "description": "A page torn from an unarmed book",
    "weight": 1,
    "volume": 1,
    "price": 200,
    "material": [ "paper" ],
    "symbol": "?",
    "color": "green",
    "flags": [ "NO_SALVAGE" ]
  }
]