[
  {
    "result": "SICP",
    "type": "recipe",
    "category": "CC_OTHER",
    "subcategory": "CSC_OTHER_OTHER",
    "skill_used": "fabrication",
    "difficulty": 1,
    "skills_required": [ "computer", 8 ],
    "time": 1000,
    "autolearn": true,
    "components": [
      [ [ "book_fragment_computer", 80 ] ],
      [ [ "leather", 2 ] ],
      [
        [ "sinew", 100 ],
        [ "thread", 100 ],
        [ "plant_fibre", 100 ],
        [ "yarn", 100 ]
      ]
    ]
  },
  {
    "result": "computer_science",
    "type": "recipe",
    "category": "CC_OTHER",
    "subcategory": "CSC_OTHER_OTHER",
    "skill_used": "fabrication",
    "difficulty": 1,
    "skills_required": [ "computer", 5 ],
    "time": 1000,
    "autolearn": true,
    "components": [
      [ [ "book_fragment_computer", 50 ] ],
      [ [ "leather", 2 ] ],
      [
        [ "sinew", 70 ],
        [ "thread", 70 ],
        [ "plant_fibre", 70 ],
        [ "yarn", 70 ]
      ]
    ]
  },
  {
    "result": "howto_computer",
    "type": "recipe",
    "category": "CC_OTHER",
    "subcategory": "CSC_OTHER_OTHER",
    "skill_used": "fabrication",
    "difficulty": 1,
    "skills_required": [ "computer", 2 ],
    "time": 1000,
    "autolearn": true,
    "components": [
      [ [ "book_fragment_computer", 20 ] ],
      [ [ "leather", 2 ] ],
      [
        [ "sinew", 40 ],
        [ "thread", 40 ],
        [ "plant_fibre", 40 ],
        [ "yarn", 40 ]
      ]
    ]
  },
  {
    "result": "mag_computer",
    "type": "recipe",
    "category": "CC_OTHER",
    "subcategory": "CSC_OTHER_OTHER",
    "skill_used": "fabrication",
    "difficulty": 1,
    "skills_required": [ "computer", 1 ],
    "time": 1000,
    "autolearn": true,
    "components": [
      [ [ "book_fragment_computer", 10 ] ],
      [ [ "leather", 2 ] ],
      [
        [ "sinew", 30 ],
        [ "thread", 30 ],
        [ "plant_fibre", 30 ],
        [ "yarn", 30 ]
      ]
    ]
  },
  {
    "result": "manual_computers",
    "type": "recipe",
    "category": "CC_OTHER",
    "subcategory": "CSC_OTHER_OTHER",
    "skill_used": "fabrication",
    "difficulty": 1,
    "skills_required": [ "computer", 3 ],
    "time": 1000,
    "autolearn": true,
    "components": [
      [ [ "book_fragment_computer", 30 ] ],
      [ [ "leather", 2 ] ],
      [
        [ "sinew", 50 ],
        [ "thread", 50 ],
        [ "plant_fibre", 50 ],
        [ "yarn", 50 ]
      ]
    ]
  },
  {
    "result": "textbook_computer",
    "type": "recipe",
    "category": "CC_OTHER",
    "subcategory": "CSC_OTHER_OTHER",
    "skill_used": "fabrication",
    "difficulty": 1,
    "skills_required": [ "computer", 6 ],
    "time": 1000,
    "autolearn": true,
    "components": [
      [ [ "book_fragment_computer", 60 ] ],
      [ [ "leather", 2 ] ],
      [
        [ "sinew", 80 ],
        [ "thread", 80 ],
        [ "plant_fibre", 80 ],
        [ "yarn", 80 ]
      ]
    ]
  }
]