[
  {
    "result": "mag_guns",
    "type": "recipe",
    "category": "CC_OTHER",
    "subcategory": "CSC_OTHER_OTHER",
    "skill_used": "fabrication",
    "difficulty": 1,
    "skills_required": [ "gun", 1 ],
    "time": 1000,
    "autolearn": true,
    "components": [
      [ [ "book_fragment_gun", 10 ] ],
      [ [ "leather", 2 ] ],
      [
        [ "sinew", 30 ],
        [ "thread", 30 ],
        [ "plant_fibre", 30 ],
        [ "yarn", 30 ]
      ]
    ]
  },
  {
    "result": "manual_gun",
    "type": "recipe",
    "category": "CC_OTHER",
    "subcategory": "CSC_OTHER_OTHER",
    "skill_used": "fabrication",
    "difficulty": 1,
    "skills_required": [ "gun", 3 ],
    "time": 1000,
    "autolearn": true,
    "components": [
      [ [ "book_fragment_gun", 30 ] ],
      [ [ "leather", 2 ] ],
      [
        [ "sinew", 50 ],
        [ "thread", 50 ],
        [ "plant_fibre", 50 ],
        [ "yarn", 50 ]
      ]
    ]
  },
  {
    "result": "pocket_firearms",
    "type": "recipe",
    "category": "CC_OTHER",
    "subcategory": "CSC_OTHER_OTHER",
    "skill_used": "fabrication",
    "difficulty": 1,
    "skills_required": [ "gun", 2 ],
    "time": 1000,
    "autolearn": true,
    "components": [
      [ [ "book_fragment_gun", 20 ] ],
      [ [ "leather", 2 ] ],
      [
        [ "sinew", 40 ],
        [ "thread", 40 ],
        [ "plant_fibre", 40 ],
        [ "yarn", 40 ]
      ]
    ]
  }
]