[
  {
    "result": "mag_tv",
    "type": "recipe",
    "category": "CC_OTHER",
    "subcategory": "CSC_OTHER_OTHER",
    "skill_used": "fabrication",
    "difficulty": 1,
    "skills_required": [ "speech", 1 ],
    "time": 1000,
    "autolearn": true,
    "components": [
      [ [ "book_fragment_speech", 10 ] ],
      [ [ "leather", 2 ] ],
      [
        [ "sinew", 30 ],
        [ "thread", 30 ],
        [ "plant_fibre", 30 ],
        [ "yarn", 30 ]
      ]
    ]
  },
  {
    "result": "manual_speech",
    "type": "recipe",
    "category": "CC_OTHER",
    "subcategory": "CSC_OTHER_OTHER",
    "skill_used": "fabrication",
    "difficulty": 1,
    "skills_required": [ "speech", 3 ],
    "time": 1000,
    "autolearn": true,
    "components": [
      [ [ "book_fragment_speech", 30 ] ],
      [ [ "leather", 2 ] ],
      [
        [ "sinew", 50 ],
        [ "thread", 50 ],
        [ "plant_fibre", 50 ],
        [ "yarn", 50 ]
      ]
    ]
  },
  {
    "result": "textbook_speech",
    "type": "recipe",
    "category": "CC_OTHER",
    "subcategory": "CSC_OTHER_OTHER",
    "skill_used": "fabrication",
    "difficulty": 1,
    "skills_required": [ "speech", 6 ],
    "time": 1000,
    "autolearn": true,
    "components": [
      [ [ "book_fragment_speech", 60 ] ],
      [ [ "leather", 2 ] ],
      [
        [ "sinew", 60 ],
        [ "thread", 60 ],
        [ "plant_fibre", 60 ],
        [ "yarn", 60 ]
      ]
    ]
  }
]