[
  {
    "result": "atomic_survival",
    "type": "recipe",
    "category": "CC_OTHER",
    "subcategory": "CSC_OTHER_OTHER",
    "skill_used": "fabrication",
    "difficulty": 1,
    "skills_required": [ "survival", 8 ],
    "time": 1000,
    "autolearn": true,
    "components": [
      [ [ "book_fragment_survival", 80 ] ],
      [ [ "leather", 2 ] ],
      [
        [ "sinew", 100 ],
        [ "thread", 100 ],
        [ "plant_fibre", 100 ],
        [ "yarn", 100 ]
      ]
    ]
  },
  {
    "result": "fun_survival",
    "type": "recipe",
    "category": "CC_OTHER",
    "subcategory": "CSC_OTHER_OTHER",
    "skill_used": "fabrication",
    "difficulty": 1,
    "skills_required": [ "survival", 3 ],
    "time": 1000,
    "autolearn": true,
    "components": [
      [ [ "book_fragment_survival", 30 ] ],
      [ [ "leather", 2 ] ],
      [
        [ "sinew", 50 ],
        [ "thread", 50 ],
        [ "plant_fibre", 50 ],
        [ "yarn", 50 ]
      ]
    ]
  },
  {
    "result": "mag_dude",
    "type": "recipe",
    "category": "CC_OTHER",
    "subcategory": "CSC_OTHER_OTHER",
    "skill_used": "fabrication",
    "difficulty": 1,
    "skills_required": [ "survival", 1 ],
    "time": 1000,
    "autolearn": true,
    "components": [
      [ [ "book_fragment_survival", 10 ] ],
      [ [ "leather", 2 ] ],
      [
        [ "sinew", 30 ],
        [ "thread", 30 ],
        [ "plant_fibre", 30 ],
        [ "yarn", 30 ]
      ]
    ]
  },
  {
    "result": "mag_survival",
    "type": "recipe",
    "category": "CC_OTHER",
    "subcategory": "CSC_OTHER_OTHER",
    "skill_used": "fabrication",
    "difficulty": 1,
    "skills_required": [ "survival", 1 ],
    "time": 1000,
    "autolearn": true,
    "components": [
      [ [ "book_fragment_survival", 10 ] ],
      [ [ "leather", 2 ] ],
      [
        [ "sinew", 30 ],
        [ "thread", 30 ],
        [ "plant_fibre", 30 ],
        [ "yarn", 30 ]
      ]
    ]
  },
  {
    "result": "manual_survival",
    "type": "recipe",
    "category": "CC_OTHER",
    "subcategory": "CSC_OTHER_OTHER",
    "skill_used": "fabrication",
    "difficulty": 1,
    "skills_required": [ "survival", 3 ],
    "time": 1000,
    "autolearn": true,
    "components": [
      [ [ "book_fragment_survival", 30 ] ],
      [ [ "leather", 2 ] ],
      [
        [ "sinew", 50 ],
        [ "thread", 50 ],
        [ "plant_fibre", 50 ],
        [ "yarn", 50 ]
      ]
    ]
  },
  {
    "result": "pocket_survival",
    "type": "recipe",
    "category": "CC_OTHER",
    "subcategory": "CSC_OTHER_OTHER",
    "skill_used": "fabrication",
    "difficulty": 1,
    "skills_required": [ "survival", 2 ],
    "time": 1000,
    "autolearn": true,
    "components": [
      [ [ "book_fragment_survival", 20 ] ],
      [ [ "leather", 2 ] ],
      [
        [ "sinew", 40 ],
        [ "thread", 40 ],
        [ "plant_fibre", 40 ],
        [ "yarn", 40 ]
      ]
    ]
  },
  {
    "result": "survival_book",
    "type": "recipe",
    "category": "CC_OTHER",
    "subcategory": "CSC_OTHER_OTHER",
    "skill_used": "fabrication",
    "difficulty": 1,
    "skills_required": [ "survival", 8 ],
    "time": 1000,
    "autolearn": true,
    "components": [
      [ [ "book_fragment_survival", 80 ] ],
      [ [ "leather", 2 ] ],
      [
        [ "sinew", 100 ],
        [ "thread", 100 ],
        [ "plant_fibre", 100 ],
        [ "yarn", 100 ]
      ]
    ]
  },
  {
    "result": "textbook_survival",
    "type": "recipe",
    "category": "CC_OTHER",
    "subcategory": "CSC_OTHER_OTHER",
    "skill_used": "fabrication",
    "difficulty": 1,
    "skills_required": [ "survival", 6 ],
    "time": 1000,
    "autolearn": true,
    "components": [
      [ [ "book_fragment_survival", 60 ] ],
      [ [ "leather", 2 ] ],
      [
        [ "sinew", 80 ],
        [ "thread", 80 ],
        [ "plant_fibre", 80 ],
        [ "yarn", 80 ]
      ]
    ]
  }
]