[
  {
    "result": "mag_animecon",
    "type": "recipe",
    "category": "CC_OTHER",
    "subcategory": "CSC_OTHER_OTHER",
    "skill_used": "fabrication",
    "difficulty": 1,
    "skills_required": [ "tailor", 1 ],
    "time": 1000,
    "autolearn": true,
    "components": [
      [ [ "book_fragment_tailor", 10 ] ],
      [ [ "leather", 2 ] ],
      [
        [ "sinew", 30 ],
        [ "thread", 30 ],
        [ "plant_fibre", 30 ],
        [ "yarn", 30 ]
      ]
    ]
  },
  {
    "result": "mag_beauty",
    "type": "recipe",
    "category": "CC_OTHER",
    "subcategory": "CSC_OTHER_OTHER",
    "skill_used": "fabrication",
    "difficulty": 1,
    "skills_required": [ "tailor", 1 ],
    "time": 1000,
    "autolearn": true,
    "components": [
      [ [ "book_fragment_tailor", 10 ] ],
      [ [ "leather", 2 ] ],
      [
        [ "sinew", 30 ],
        [ "thread", 30 ],
        [ "plant_fibre", 30 ],
        [ "yarn", 30 ]
      ]
    ]
  },
  {
    "result": "mag_tailor",
    "type": "recipe",
    "category": "CC_OTHER",
    "subcategory": "CSC_OTHER_OTHER",
    "skill_used": "fabrication",
    "difficulty": 1,
    "skills_required": [ "tailor", 1 ],
    "time": 1000,
    "autolearn": true,
    "components": [
      [ [ "book_fragment_tailor", 10 ] ],
      [ [ "leather", 2 ] ],
      [
        [ "sinew", 30 ],
        [ "thread", 30 ],
        [ "plant_fibre", 30 ],
        [ "yarn", 30 ]
      ]
    ]
  },
  {
    "result": "manual_tailor",
    "type": "recipe",
    "category": "CC_OTHER",
    "subcategory": "CSC_OTHER_OTHER",
    "skill_used": "fabrication",
    "difficulty": 1,
    "skills_required": [ "tailor", 3 ],
    "time": 1000,
    "autolearn": true,
    "components": [
      [ [ "book_fragment_tailor", 30 ] ],
      [ [ "leather", 2 ] ],
      [
        [ "sinew", 50 ],
        [ "thread", 50 ],
        [ "plant_fibre", 50 ],
        [ "yarn", 50 ]
      ]
    ]
  },
  {
    "result": "tailor_portfolio",
    "type": "recipe",
    "category": "CC_OTHER",
    "subcategory": "CSC_OTHER_OTHER",
    "skill_used": "fabrication",
    "difficulty": 1,
    "skills_required": [ "tailor", 8 ],
    "time": 1000,
    "autolearn": true,
    "components": [
      [ [ "book_fragment_tailor", 80 ] ],
      [ [ "leather", 2 ] ],
      [
        [ "sinew", 100 ],
        [ "thread", 100 ],
        [ "plant_fibre", 100 ],
        [ "yarn", 100 ]
      ]
    ]
  },
  {
    "result": "textbook_tailor",
    "type": "recipe",
    "category": "CC_OTHER",
    "subcategory": "CSC_OTHER_OTHER",
    "skill_used": "fabrication",
    "difficulty": 1,
    "skills_required": [ "tailor", 6 ],
    "time": 1000,
    "autolearn": true,
    "components": [
      [ [ "book_fragment_tailor", 60 ] ],
      [ [ "leather", 2 ] ],
      [
        [ "sinew", 80 ],
        [ "thread", 80 ],
        [ "plant_fibre", 80 ],
        [ "yarn", 80 ]
      ]
    ]
  }
]